profile,scenario,rps_mean,rps_std,tpr_mean,tpr_std,failed_sum
compute,S1,,,,,0.0
compute,S2,,,,,0.0
compute,S3,,,,,0.0
general,S1,36.983333333333334,25.789731806799907,453.49583333333334,315.5275888871949,0.0
general,S2,4.33,1.3756816492197608,12390.093666666668,4067.048311723913,0.0
general,S3,6.46,0.16970562748477155,15490.8305,405.0880399129314,0.0
memory,S1,,,,,0.0
memory,S2,,,,,0.0
memory,S3,,,,,0.0
